20 chemin Guilhem,64000,France:459807872
avenue Sambre et Meuse,64000,France:459278227
cours Bosquet,64000,France:6152162709
rue des réparatrices,64000,France:351184035
avenue San Carlos,64000,France:339465315
avenue des acacias,64000,France:3478438688
avenue de Montebello,64000,France:360814192
avenue Bié Moulié,64000,France:360814254
rue Gutenberg,64000,France:459619686
avenue du Loup,64000,France:669958805
chemin des écoliers,64000,France:2627270685
rue Mozart,64000,France:2178196901
chemin Guilhem,64000,France:459807872
Rond-Point Éric Tabarly,64000,France:286808011
Chemin Labriart,64000,France:459169403
Rue Cassiopée,64000,France:3784642582
Rue Blanqui,64000,France:459807888
Rue Paul Bert,64000,France:459619647
Rue Marx Dormoy,64000,France:459619670
CSTJF,64000,France:8426920255
13 rue de verdun (64320 bizanos),64320 bizanos,France:2299550833
avenue albert 1er (64320 bizanos),64320 bizanos,France:285878685
69 rue pasteur (64320 bizanos),64320 bizanos,France:3148148181
58 rue pasteur (64320 bizanos),64320 bizanos,France:3148148181
véloroute V81,64320 mazères-lezons,France:2432424222
véloroute V81,64320 bizanos,France:2432424222
13 rue de verdun,64320 bizanos,France:2299550833
avenue albert 1er,64320 bizanos,France:384974457
69 rue pasteur,64320 bizanos,France:343453484
58 rue pasteur,64320 bizanos,France:343453484
20 chemin Guilhem,64000 Pau,France:459807872
avenue Sambre et Meuse,64000 Pau,France:459278227
cours Bosquet,64000 Pau,France:6152162709
rue des réparatrices,64000 Pau,France:351184035
avenue San Carlos,64000 Pau,France:339465315
avenue des acacias,64000 Pau,France:3478438688
avenue de Montebello,64000 Pau,France:360814192
avenue Bié Moulié,64000 Pau,France:360814254
rue Gutenberg,64000 Pau,France:459619686
avenue du Loup,64000 Pau,France:669958805
chemin des écoliers,64000 Pau,France:2627270685
rue Mozart,64000 Pau,France:2178196901
chemin Guilhem,64000 Pau,France:459807872
Rond-Point Éric Tabarly,64000 Pau,France:286808011
Chemin Labriart,64000 Pau,France:459169403
Rue Cassiopée,64000 Pau,France:3784642582
Rue Blanqui,64000 Pau,France:459807888
Rue Paul Bert,64000 Pau,France:459619647
Rue Marx Dormoy,64000 Pau,France:459619670
CSTJF,64000 Pau,France:8426920255
rue d'étigny,64000 Pau,France:286991917
rue tran,64000 Pau,France:340008821
rue gassiot,64000 Pau,France:6949409658
rue carnot,64000 Pau,France:2309510847
rue cazaubon norbert,64000 Pau,France:339803919
boulevard d'alsace-lorraine,64000 Pau,France:252260170
cours lyautey,64000 Pau,France:339499414
avenue de saragosse,64000 Pau,France:418863953
avenue de buros,64000 Pau,France:3381698483
13 avenue de barèges,64000 PAU,France:337986412
avenue léon say,64000 PAU,France:285873731
rue léon daran,64000 Pau,France:307360940
place saint-louis de gonzague,64000 Pau,France:307639922
rue valéry meunier,64000 Pau,France:339465296
rue serviez,64000 Pau,France:465205776
62 avenue louis sallenave,64000 Pau,France:7004197734
88 avenue louis sallenave,64000 Pau,France:7004197734
145 avenue philippon,64000 Pau,France:356507044
347 Boulevard du Cami Salié,64000 Pau,France:418000099
rue de Lagardère,64000 Pau,France:460003993
avenue Trespoey,64000 Pau,France:418951684
rue Serviez,64000 Pau,France:465205776
rue Bernadotte,64000 Pau,France:340008820
rue de Liège,64000 Pau,France:2379187280
rue Lapouble,64000 Pau,France:340008804
rue Louis Barthou,64000,France:307360935
rue Lamothe,64000,France:307639922
rue Jean Monnet,64000,France:6515105577
rue Galos,64000,France:913161306
84 avenue de buros,64000 Pau,France:3148731537
35 rue pasteur,64320 bizanos,France:343453484
11 rue pasteur,64320 bizanos,France:393843408
24 rue maréchal foch,64000 Pau,France:353108417
place de la République,64000 Pau,France:2858207232
place gramont,64000 Pau,France:286991887
place de la libération,64000 Pau,France:340008846
place Clémenceau,64000 Pau,France:353108424
1 rue Louis Barthou,64000,France:307360935
place de la république,64000,France:2858207232
